abbreviation,name_in_this_list,name_in_main_bibliography,main_publication_count
CNIC,Centro Nacional de Investigação Científica,Centro Nacional de Investigação Científica [National Center for Scientific Research],1
MD,Museu do Dundo,Museu do Dundo [Museum of Dundo],1
KIE,"Kenġanabanowt’yan Institows [Zoological Institute], National Academy of Sciences of Armenia","Kenġanabanowt’yan Institows [Zoological Institute], National Academy of Sciences of Armenia",1
ZMBHS,Zemaljski Muzej Bosne i Hercegovine [State Museum of Bosnia and Herzegovina],Zemaljski Muzej Bosne i Hercegovine [State Museum of Bosnia and Herzegovina],2
MZUSP,"Museu de Zoologia, Universidade de São Paulo","Museu de Zoologia, Universidade de São Paulo",1
CMN,Canadian Museum of Nature,"Canadian Museum of Nature – Musée canadien de la nature (formerly: National Museum of Canada, National Museum of Natural History)",1
IZP,"Dòngwù yánjiū suǒ, [Institute of Zoology], Zhōngguó kēxuéyuàn [Chinese Academy of Sciences]","Dòngwù yánjiū suǒ, [Institute of Zoology], Zhōngguó kēxuéyuàn [Chinese Academy of Sciences]",1
BNU,"[Zoological and Botanical Museum], Běijīng shīfàn dàxué [Beijing Normal University]","[Zoological and Botanical Museum], Běijīng shīfàn dàxué [Beijing Normal University]",1
SAU,Sìchuān nóngyè dàxué [Sichuan Agricultural University],Sìchuān nóngyè dàxué [Sichuan Agricultural University],1
ADBM,Museum at the Jesuit College at Nantang (Cathedral of the Immaculate Conception),Museum at the Jesuit College at Nantang (Cathedral of the Immaculate Conception),1
ZMS,Musée de Zikawei,Musée de Zikawei,13
MLMRH,"Muzeum lesnictví, myslivosti a rybářství, Národní zemědělské muzeum [Museum of Forestry, Game-keeping and Fisheries, National Museum of Agriculture]","Muzeum lesnictví, myslivosti a rybářství, Národní zemědělské muzeum [Museum of Forestry, Game- keeping and Fisheries, National Museum of Agriculture]",2
LMTU,"Loodusmuuseum, Tartu Ülikool [Museum of Natural History, Tartu University]","Loodusmuuseum, Tartu Ülikool [Museum of Natural History, Tartu University]",3
MHNCa,Muséum d’Histoire Naturelle de Caen,Muséum d’Histoire Naturelle de Caen,1
MVM,Melbourne Museum,"Melbourne Museum, Victoria Museums",2
MNHL,Musée d’Histoire Naturelle de Lille,"Museo de Historia Natural “Javier Prado”, Universidad Nacional Mayor de San Marcos",1
MMNH,Muséum d’Histoire Naturelle de Marseille,Muséum d’Histoire Naturelle de Marseille,1
NHMD,"Statens Naturhistoriske Museum, Københavns Universitet [Natural History Museum of Denmark, University of Copenhagen]","Natural History Museum, Denmark",1
ZMUH,Luonnontieteellinen keskusmuseo [Finnish Museum of Natural History],Luonnontieteellinen keskusmuseo [Finnish Museum of Natural History],1
MHNNF,Muséum d’Histoire Naturelle de Nantes,Muséum d’Histoire Naturelle de Nantes,1
SEMT,Sak′art′velos Erovnuli Muzeumi [Georgian National Museum],Sak′art′velos Erovnuli Muzeumi [Georgian National Museum],2
UMB,Naturkunde-Museum,Übersee-Museum,4
HLMD,Hessisches Landesmuseum,Hessisches Landesmuseum,1
SVMS,Süddeutsche Vogelwarte,Süddeutsche Vogelwarte,3
ZMPA,"Zōologiko Moyseio, Panepistīmioy Athīnōs [Zoological Museum, University of Athens]","ZÅologiko Moyseio, PanepistÄ«mioy AthÄ«nÅs [Zoological Museum, University of Athens]",2
IRHO,Magyar Királyi Madártani Intézet [Royal Hungarian Institute of Ornithology; Institut Regii Hungarici Ornithologici],Magyar Királyi Madártani Intézet [Royal Hungarian Institute of Ornithology; Institut Regii Hungarici Ornithologici],1
BNHS,Bombay Natural History Society,Bombay Natural History Society,8
MZB,"Museum Zoologi Bogor [Museum Zoologicum Bogoriense, Bogor Zoology Museum]","Museum Zoologi Bogor [Museum Zoologicum Bogoriense, Bogor Zoology Museum]",5
NMI,Músaem na Staire Nádúrtha [Museum of Natural History],Músaem na Staire Nádúrtha [Museum of Natural History],1
MZUF,"Museo di Storia Naturale, Università di Firenze [Museum of Natural History, University of Firenze]","Museo di Storia Naturale, Università di Firenze [Museum of Natural History, University of Firenze]",3
SMNS,Staatliches Museum für Naturkunde,Staatliches Museum für Naturkunde,2
MSNTP,Museo di Storia Naturale e del Territorio [Museum of Natural History and of the Territory],Museo di Storia Naturale e del Territorio [Museum of Natural History and of the Territory],4
MCR,Museo Civico di Scienze Naturali “A. Priolo” [A. Priolo Civic Museum of Natural History],Museo Civico di Scienze Naturali “A. Priolo” [A. Priolo Civic Museum of Natural History],1
KUMK,"Kyōtodaigaku Sōgō Hakubutsukan [Kyoto University Museum],","KyÅtodaigaku SÅgÅ Hakubutsukan [Kyoto University Museum],",1
MNHAS,Hyōgo Kenritsu Hito to Shizen no Hakubutsukan [Museum of Nature and Human Activities],HyÅgo Kenritsu Hito to Shizen no Hakubutsukan [Museum of Nature and Human Activities],1
ZMIZA,Zoologiâ instituty [Institute of Zoology],Zoologiâ instituty [Institute of Zoology],3
AAZA,Almaty memleketttìk tabiġi ķoryġy [Almaty State Nature Reserve],Almaty State Nature Reserve,1
ZIASK,"[Zoological Institute], Joseonminjujuuiinmingonghwaguggwahag-won [Academy of Sciences of the Democratic People’s Republic of Korea]","[Zoological Institute], Joseonminjujuuiinmingonghwaguggwahag-won [Academy of Sciences of the Democratic People’s Republic of Korea]",1
MNHAT,"Museum of Natural History & Archaeology, Norwegian University of Science and Technology","Museum of Natural History & Archaeology, Norwegian University of Science and Technology",1
ZMBN,"Zoologisk Museum, Universitetsmuseet i Bergen, Universitetet i Bergen [Zoological Museum, University Museum in Bergen, University of Bergen]","Zoologisk Museum, Universitetsmuseet i Bergen, Universitetet i Bergen [Zoological Museum, University Museum in Bergen, University of Bergen]",1
SMNSN,Stavanger Museum Naturhistorie [Stavanger Museum of Natural History],Stavanger Museum Naturhistorie [Stavanger Museum of Natural History],1
MPUW,"Muzeum przyrodnicze, Uniwersytet Wrocławski [Natural History Museum, University of Wrocław]","Muzeum przyrodnicze, Uniwersytet WrocÅ‚awski [Natural History Museum, University of WrocÅ‚aw]",1
MGAB,Muzeul de Istorie Naturală “Grigore Antipa” [Grigore Antipa Museum of Natural History],Muzeul de Istorie Naturală “Grigore Antipa” [Grigore Antipa Museum of Natural History],9
ZMSFU,"Zoologičeskij muzej [Zoological Museum], Sibirskij federal′nyj universitet [Siberian Federal University]","Zoologičeskij muzej [Zoological Museum], Sibirskij federal′nyj universitet [Siberian Federal University]",1
PGMV,Primorskij gosudarstvennyj ob″edinennyj muzej im. V. K. Arsen′eva [V.K. Arsen′ev Primorsk State United Museum],Primorskij gosudarstvennyj ob″edinennyj muzej im. V. K. Arsen′eva [V.K. Arsen′ev Primorsk State United Museum],1
ZMDVGU,"Zoologičeskij muzej [Zoological Museum], Dal′nevostočnyj gosudarstvennyj universitet [Far-Eastern State University]","Zoologičeskij muzej [Zoological Museum], Dal′nevostočnyj gosudarstvennyj universitet [Far- Eastern State University]",2
MOIAK,Muzej Obŝestva izučeniâ Amurskogo kraâ [Museum of the Society for the Study of the Amur Province],Muzej Obŝestva izučeniâ Amurskogo kraâ [Museum of the Society for the Study of the Amur Province],2
ZMEK,"Zoologičeskij muzej È.A. Èversmanna, Kazanskij federal′nyj universitet [È.A. Èversmann Zoological Museum, Federal University of Kazan′]","Zoologičeskij muzej È.A. Èversmanna, Kazanskij federal′nyj universitet [È.A. Èversmann Zoological Museum, Federal University of Kazan′]",4
ZMSPBU,"Zoologičeskij muzej, Kafedra zoologii pozvonočnyh, Sankt-Peterburgskij gosudarstvennyj universitet [Museum of Zoology, Department of Vertebrate Zoology, St. Petersburg State University]","ZoologiÄeskij muzej, Kafedra zoologii pozvonoÄnyh, Sankt-Peterburgskij gosudarstvennyj universitet [Museum of Zoology, Department of Vertebrate Zoology, St. Petersburg State University]",1
SOKM,Saratovskij oblastnoj kraevedčeskij muzej [Saratov Regional Museum of Local History],Saratovskij oblastnoj kraevedÄeskij muzej [Saratov Regional Museum of Local History],6
CMT,Central′nyj muzej Tavridy [Central Museum of the Tauris],Central′nyj muzej Tavridy [Central Museum of the Tauris],2
IFAN,Institut fundamental d’Afrique noire,Institut fundamental d’Afrique noire (in 1936-1966: Institut français d’Afrique noire),1
LKCNHM,"Lee Kong Chian Natural History Museum, National University of Singapore","Lee Kong Chian Natural History Museum, National University of Singapore",1
MZBA,"Laboratori de Natura, Museu de Cièmcias Naturals de Barcelona [Nature Laboratory, Natural History Museum of Barcelona]","Laboratori de Natura, Museu de Cièmcias Naturals de Barcelona [Nature Laboratory, Natural History Museum of Barcelona]",1
MCNZ,Museo de Ciencias Naturales de Zaragoza [Natural History Museum of Zaragoza],Museo de Ciencias Naturales de Zaragoza [Natural History Museum of Zaragoza],1
GNM,Naturhistoriska Museet [Natural History Museum],Naturhistoriska Museet [Natural History Museum],1
SVS,Schweizerische Vogelwarte Sempach,Schweizerische Vogelwarte Sempach,1
MZOA,Muzej Zakaspìjskoj oblasti [Museum of the Transcaspian Province]. ● Often briefly called: “Zakaspijskij muzej” (Transcaspian Museum).,Muzej Zakaspìjskoj oblasti [Museum of the Transcaspian Province]. ● Often briefly called: “Zakaspijskij muzej” (Transcaspian Museum).,1
ZMKU,"Zoologìčnij muzej, Ìnstitut bìologìï, Kiìvs′kij nacìonal′nij unìversitet ìmenì Tarasa Ševčenka [Zoological Museum, Institute of Biology, Taras Shevchenko National University of Kiev]","Zoologìčnij muzej, Ìnstitut bìologìï, Kiìvs′kij nacìonal′nij unìversitet ìmenì Tarasa Ševčenka [Zoological Museum, Institute of Biology, Taras Shevchenko National University of Kiev]",2
DPML,Deržavnij Prirodoznavčij Muzej [State Museum of Natural History],DerÅ¾avnij PrirodoznavÄij Muzej [State Museum of Natural History],4
FMNH,Field Museum of Natural History,Field Museum of Natural History,1
ZMAU,"Zoology Museum, University of Aberdeen","Zoology Museum, University of Aberdeen",1
FMP,Museum of the Army Medical Department,Museum of the Army Medical Department,2
DMNH,Delaware Museum of Natural History,Delaware Museum of Natural History,2
RAMM,Royal Albert Memorial Museum & Art Gallery,Royal Albert Memorial Museum & Art Gallery,1
MANCH,"Manchester Museum, University of Manchester","Manchester Museum, University of Manchester",1
NEWHM,Great North Museum: Hancock,Great North Museum: Hancock,1
NCM,Norwich Castle Museum,Norwich Castle Museum,5
MMNH,"Bell Museum of Natural History, University of Minnesota",Muséum d’Histoire Naturelle de Marseille,1
PSM,"Puget Sound Museum of Natural History, University of Puget Sound","Puget Sound Museum of Natural History, University of Puget Sound",1
NHMZB,Natural History Museum of Zimbabwe,Natural History Museum of Zimbabwe,2
